id       ,name                                             ,batch_size ,cat_k ,ckpt_metric     ,ckpt_mode ,classifier_loss ,dataset_name ,decoder_loss ,emb_dims ,emb_name                         ,emb_targets ,encoder_loss ,expand_3ch ,grouping                                                          ,hidden_dims ,image_size    ,in_dims ,input_shape   ,model_name      ,ood       ,optim_lr ,optim_m ,rand_perms ,rgb_contrast ,rgb_contrast_p ,rgb_gaussian_blur_p ,rgb_grid_distort_p ,rgb_grid_shuffle_p ,rgb_jitter_d ,rgb_jitter_p ,scale      ,temperature ,train_epochs ,train_supervised ,with_classifier ,with_decoder ,_runtime             ,_step ,_timestamp         ,_wandb             ,epoch ,train_accuracy     ,train_accuracy_top2 ,train_decoder_mse      ,train_loss             ,train_loss_simclr ,train_loss_v           ,train_loss_vicreg  ,train_loss_x           ,train_loss_y           ,train_loss_y_rand  ,train_loss_z           ,trainer/global_step ,val_accuracy        ,val_accuracy_top2  ,val_decoder_mse        ,val_loss              ,val_loss_simclr    ,val_loss_v            ,val_loss_vicreg    ,val_loss_x             ,val_loss_y           ,val_loss_y_rand    ,val_loss_z
6w99vuu8 ,QPM_species_resnet50_vicreg_M128_ht_mlp_ce       ,        32 ,    3 ,val_accuracy    ,max       ,crossent        ,             ,             ,    1024 ,QPM_species_resnet50_vicreg_M128 ,            ,             ,           ,"[0, 3, 1, 4, 1, 1, 1, 2, 4, 1, 1, 1, 2, 2, 2, 2, 0, 0, 0, 0, 0]" ,         32 ,              ,   1024 ,[1024]        ,ht_mlp_ce       ,1:4       ,  0.0001 ,    0.8 ,      1000 ,         0.2 ,               ,                    ,                   ,                   ,           1 ,         0.8 ,"[0.2, 1]" ,        0.5 ,         100 ,                 ,                ,             , 5252.392516851425   , 6211 ,1694388636.1519468 ,{'runtime': 5251}  ,   99 ,0.5059247016906738 , 0.8353362083435059 ,                       ,1.9873110055923464     ,                  ,                       ,                   ,                       ,1.010074019432068      ,0.9772369861602784 ,                       ,             260399 ,0.4930587112903595  ,0.8281581997871399 ,                       ,2.00278902053833      ,                   ,                      ,                   ,                       ,0.9845229387283324   ,1.0182658433914185 ,
k82wokrv ,QPM_species_resnet50_simclr_M128_ht_mlp_ce       ,        32 ,    3 ,val_accuracy    ,max       ,crossent        ,             ,             ,    1024 ,QPM_species_resnet50_simclr_M128 ,            ,             ,           ,"[0, 3, 1, 4, 1, 1, 1, 2, 4, 1, 1, 1, 2, 2, 2, 2, 0, 0, 0, 0, 0]" ,         32 ,              ,   1024 ,[1024]        ,ht_mlp_ce       ,1:4       ,  0.0001 ,    0.8 ,      1000 ,         0.2 ,               ,                    ,                   ,                   ,           1 ,         0.8 ,"[0.2, 1]" ,        0.5 ,         100 ,                 ,                ,             , 5080.645579814911   , 6211 ,1694383313.018406  ,{'runtime': 5079}  ,   99 ,0.5039620399475098 , 0.8339391350746155 ,                       ,1.914301514625549      ,                  ,                       ,                   ,                       ,0.9540305733680724     ,0.9602709412574768 ,                       ,             260399 ,0.491404801607132   ,0.8247289061546326 ,                       ,2.0082366466522217    ,                   ,                      ,                   ,                       ,0.98913311958313     ,1.0191034078598022 ,
211kuyie ,QPM_species_resnet50_vicreg_M128_ht_mlp_ce       ,       128 ,    3 ,val_accuracy    ,max       ,crossent        ,             ,             ,    1024 ,QPM_species_resnet50_vicreg_M128 ,            ,             ,           ,"[0, 3, 1, 4, 1, 1, 1, 2, 4, 1, 1, 1, 2, 2, 2, 2, 0, 0, 0, 0, 0]" ,         32 ,              ,   1024 ,[1024]        ,ht_mlp_ce       ,1:4       ,  0.001  ,    0.8 ,      1000 ,         0.2 ,               ,                    ,                   ,                   ,           1 ,         0.8 ,"[0.2, 1]" ,        0.5 ,         100 ,                 ,                ,             , 1844.0424869060516  , 2305 ,1694312342.178654  ,{'runtime': 1843}  ,   99 ,0.5129059553146362 , 0.8405393362045288 ,                       ,1.9598042964935305     ,                  ,                       ,                   ,                       ,0.9696024656295776     ,0.990201771259308  ,                       ,              65099 ,0.4967127144336701  ,0.831714391708374  ,                       ,2.001843214035034     ,                   ,                      ,                   ,                       ,0.9830283522605896   ,1.0188146829605105 ,
4axfmknp ,QPM_species_resnet50_simclr_M128_ht_mlp_ce       ,       128 ,    3 ,val_accuracy    ,max       ,crossent        ,             ,             ,    1024 ,QPM_species_resnet50_simclr_M128 ,            ,             ,           ,"[0, 3, 1, 4, 1, 1, 1, 2, 4, 1, 1, 1, 2, 2, 2, 2, 0, 0, 0, 0, 0]" ,         32 ,              ,   1024 ,[1024]        ,ht_mlp_ce       ,1:4       ,  0.001  ,    0.8 ,      1000 ,         0.2 ,               ,                    ,                   ,                   ,           1 ,         0.8 ,"[0.2, 1]" ,        0.5 ,         100 ,                 ,                ,             , 1962.6199219226835  , 2305 ,1694310451.330569  ,{'runtime': 1961}  ,   99 ,0.5113719701766968 , 0.8383389711380005 ,                       ,1.9863793849945068     ,                  ,                       ,                   ,                       ,0.9960135817527772     ,0.9903658628463744 ,                       ,              65099 ,0.4913869798183441  ,0.8250045776367188 ,                       ,2.013777256011963     ,                   ,                      ,                   ,                       ,0.9918501377105712   ,1.0219272375106812 ,
yrjxwl9p ,QPM_species_resnet50_vicreg_M128_ht_mlp_ce       ,       128 ,    5 ,val_accuracy    ,max       ,crossent        ,             ,             ,    1024 ,QPM_species_resnet50_vicreg_M128 ,            ,             ,           ,"[0, 1, 2, 4, 2, 2, 2, 3, 4, 2, 2, 2, 3, 3, 3, 3, 0, 0, 0, 0, 0]" ,         32 ,              ,   1024 ,[1024]        ,ht_mlp_ce       ,          ,  0.001  ,    0.8 ,      1000 ,         0.2 ,               ,                    ,                   ,                   ,           1 ,         0.8 ,"[0.2, 1]" ,        0.5 ,         100 ,                 ,                ,             , 2008.7898542881012  , 2471 ,1694308433.0945592 ,{'runtime': 2008}  ,   99 ,0.4737085700035095 , 0.6772428750991821 ,                       ,2.25986385345459       ,                  ,                       ,                   ,                       ,1.0365159511566162     ,1.2233480215072632 ,                       ,              73399 ,0.4663698077201843  ,0.6775005459785461 ,                       ,2.3027589321136475    ,                   ,                      ,                   ,                       ,1.05082368850708     ,1.251935362815857  ,
9o0y0ddb ,QPM_species_resnet50_simclr_M128_ht_mlp_ce       ,       128 ,    5 ,val_accuracy    ,max       ,crossent        ,             ,             ,    1024 ,QPM_species_resnet50_simclr_M128 ,            ,             ,           ,"[0, 1, 2, 4, 2, 2, 2, 3, 4, 2, 2, 2, 3, 3, 3, 3, 0, 0, 0, 0, 0]" ,         32 ,              ,   1024 ,[1024]        ,ht_mlp_ce       ,          ,  0.001  ,    0.8 ,      1000 ,         0.2 ,               ,                    ,                   ,                   ,           1 ,         0.8 ,"[0.2, 1]" ,        0.5 ,         100 ,                 ,                ,             , 1900.56409907341    , 2471 ,1694306376.681     ,{'runtime': 1899}  ,   99 ,0.4747140407562256 , 0.6769684553146362 ,                       ,2.2428555488586426     ,                  ,                       ,                   ,                       ,1.0134958028793335     ,1.2293598651885986 ,                       ,              73399 ,0.4696866273880005  ,0.6744859218597412 ,                       ,2.292905330657959     ,                   ,                      ,                   ,                       ,1.047866940498352    ,1.2450381517410278 ,
nipw2grq ,QPM_species_resnet50_vicreg_M128_ht_linear_ce    ,       128 ,    3 ,val_accuracy    ,max       ,crossent        ,             ,             ,    1024 ,QPM_species_resnet50_vicreg_M128 ,            ,             ,           ,"[0, 3, 1, 4, 1, 1, 1, 2, 4, 1, 1, 1, 2, 2, 2, 2, 0, 0, 0, 0, 0]" ,            ,              ,   1024 ,[1024]        ,ht_linear_ce    ,1:4       ,  0.001  ,    0.8 ,      1000 ,         0.2 ,               ,                    ,                   ,                   ,           1 ,         0.8 ,"[0.2, 1]" ,        0.5 ,         100 ,                 ,                ,             ,  924.5716824531556  , 2305 ,1694302145.3472085 ,{'runtime': 923}   ,   99 ,0.5019617676734924 , 0.8336530923843384 ,                       ,1.9788633584976196     ,                  ,                       ,                   ,                       ,0.9836844801902772     ,0.9951788783073424 ,                       ,              65099 ,0.49442315101623535 ,0.8299565315246582 ,                       ,2.0025999546051025    ,                   ,                      ,                   ,                       ,0.9848232865333556   ,1.0177770853042605 ,
k05lg7u2 ,QPM_species_resnet50_simclr_M128_ht_linear_ce    ,       128 ,    3 ,val_accuracy    ,max       ,crossent        ,             ,             ,    1024 ,QPM_species_resnet50_simclr_M128 ,            ,             ,           ,"[0, 3, 1, 4, 1, 1, 1, 2, 4, 1, 1, 1, 2, 2, 2, 2, 0, 0, 0, 0, 0]" ,            ,              ,   1024 ,[1024]        ,ht_linear_ce    ,1:4       ,  0.001  ,    0.8 ,      1000 ,         0.2 ,               ,                    ,                   ,                   ,           1 ,         0.8 ,"[0.2, 1]" ,        0.5 ,         100 ,                 ,                ,             ,  905.1764483451844  , 2305 ,1694301175.1070294 ,{'runtime': 904}   ,   99 ,0.5003885626792908 , 0.831405758857727  ,                       ,1.999089241027832      ,                  ,                       ,                   ,                       ,0.9954727292060852     ,1.0036165714263916 ,                       ,              65099 ,0.49191156029701233 ,0.8244625329971313 ,                       ,2.006074905395508     ,                   ,                      ,                   ,                       ,0.9883657693862916   ,1.0177093744277954 ,
xqt2psl5 ,QPM_species_resnet50_vicreg_M128_ht_linear_ce    ,       128 ,    5 ,val_accuracy    ,max       ,crossent        ,             ,             ,    1024 ,QPM_species_resnet50_vicreg_M128 ,            ,             ,           ,"[0, 1, 2, 4, 2, 2, 2, 3, 4, 2, 2, 2, 3, 3, 3, 3, 0, 0, 0, 0, 0]" ,            ,              ,   1024 ,[1024]        ,ht_linear_ce    ,          ,  0.001  ,    0.8 ,      1000 ,         0.2 ,               ,                    ,                   ,                   ,           1 ,         0.8 ,"[0.2, 1]" ,        0.5 ,         100 ,                 ,                ,             , 1027.780598640442   , 2471 ,1694300221.780593  ,{'runtime': 1027}  ,   99 ,0.4611872434616089 , 0.6684371829032898 ,                       ,2.257960081100464      ,                  ,                       ,                   ,                       ,1.0183684825897217     ,1.2395915985107422 ,                       ,              73399 ,0.46238553524017334 ,0.6714861989021301 ,                       ,2.3183257579803467    ,                   ,                      ,                   ,                       ,1.061975359916687    ,1.2563506364822388 ,
4re1ysew ,QPM_species_resnet50_simclr_M128_ht_linear_ce    ,       128 ,    5 ,val_accuracy    ,max       ,crossent        ,             ,             ,    1024 ,QPM_species_resnet50_simclr_M128 ,            ,             ,           ,"[0, 1, 2, 4, 2, 2, 2, 3, 4, 2, 2, 2, 3, 3, 3, 3, 0, 0, 0, 0, 0]" ,            ,              ,   1024 ,[1024]        ,ht_linear_ce    ,          ,  0.001  ,    0.8 ,      1000 ,         0.2 ,               ,                    ,                   ,                   ,           1 ,         0.8 ,"[0.2, 1]" ,        0.5 ,         100 ,                 ,                ,             , 1027.8368504047394  , 2471 ,1694299146.0060124 ,{'runtime': 1027}  ,   99 ,0.4654803276062012 , 0.6681534051895142 ,                       ,2.317190647125244      ,                  ,                       ,                   ,                       ,1.0630334615707395     ,1.2541570663452148 ,                       ,              73399 ,0.4666145443916321  ,0.6706357002258301 ,                       ,2.2996697425842285    ,                   ,                      ,                   ,                       ,1.0525827407836914   ,1.2470877170562744 ,
0h6gp05i ,QPM_species_resnet50_vicreg_M128_fisher_exact_ce ,       128 ,    3 ,val_accuracy    ,max       ,crossent        ,             ,             ,    1024 ,QPM_species_resnet50_vicreg_M128 ,            ,             ,           ,"[0, 3, 1, 4, 1, 1, 1, 2, 4, 1, 1, 1, 2, 2, 2, 2, 0, 0, 0, 0, 0]" ,            ,              ,   1024 ,[1024]        ,fisher_exact_ce ,1:4       ,  0.001  ,    0.8 ,      1000 ,         0.2 ,               ,                    ,                   ,                   ,           1 ,         0.8 ,"[0.2, 1]" ,        0.5 ,         100 ,                 ,                ,             ,  995.2443614006042  , 2305 ,1694231152.9992013 ,{'runtime': 994}   ,   99 ,0.5019617676734924 , 0.8336530923843384 ,                       ,1.9678993225097656     ,                  ,                       ,                   ,                       ,0.9836844801902772     ,0.9842148423194884 ,                       ,              65099 ,0.49442315101623535 ,0.8299565315246582 ,                       ,1.9831058979034424    ,                   ,                      ,                   ,                       ,0.9848232865333556   ,0.9982832670211792 ,
lc89vfnq ,QPM_species_resnet50_simclr_M128_fisher_exact_ce ,       128 ,    3 ,val_accuracy    ,max       ,crossent        ,             ,             ,    1024 ,QPM_species_resnet50_simclr_M128 ,            ,             ,           ,"[0, 3, 1, 4, 1, 1, 1, 2, 4, 1, 1, 1, 2, 2, 2, 2, 0, 0, 0, 0, 0]" ,            ,              ,   1024 ,[1024]        ,fisher_exact_ce ,1:4       ,  0.001  ,    0.8 ,      1000 ,         0.2 ,               ,                    ,                   ,                   ,           1 ,         0.8 ,"[0.2, 1]" ,        0.5 ,         100 ,                 ,                ,             ,  998.763063430786   , 2305 ,1694230111.2817934 ,{'runtime': 998}   ,   99 ,0.5003885626792908 , 0.831405758857727  ,                       ,1.9861416816711424     ,                  ,                       ,                   ,                       ,0.9954727292060852     ,0.9906688928604126 ,                       ,              65099 ,0.49191156029701233 ,0.8244625329971313 ,                       ,1.9865705966949463    ,                   ,                      ,                   ,                       ,0.9883657693862916   ,0.9982054233551024 ,
jg77bz2h ,QPM_species_resnet50_vicreg_M128_fisher_exact_ce ,       128 ,    5 ,val_accuracy    ,max       ,crossent        ,             ,             ,    1024 ,QPM_species_resnet50_vicreg_M128 ,            ,             ,           ,"[0, 1, 2, 4, 2, 2, 2, 3, 4, 2, 2, 2, 3, 3, 3, 3, 0, 0, 0, 0, 0]" ,            ,              ,   1024 ,[1024]        ,fisher_exact_ce ,          ,  0.001  ,    0.8 ,      1000 ,         0.2 ,               ,                    ,                   ,                   ,           1 ,         0.8 ,"[0.2, 1]" ,        0.5 ,         100 ,                 ,                ,             , 1206.4381573200226  , 2471 ,1694229066.1809044 ,{'runtime': 1205}  ,   99 ,0.4611872434616089 , 0.6684371829032898 ,                       ,2.2593400478363037     ,                  ,                       ,                   ,                       ,1.0183684825897217     ,1.240971565246582  ,                       ,              73399 ,0.46238553524017334 ,0.6714861989021301 ,                       ,2.3191134929656982    ,                   ,                      ,                   ,                       ,1.061975359916687    ,1.2571377754211426 ,
wurtwln3 ,QPM_species_resnet50_simclr_M128_fisher_exact_ce ,       128 ,    5 ,val_accuracy    ,max       ,crossent        ,             ,             ,    1024 ,QPM_species_resnet50_simclr_M128 ,            ,             ,           ,"[0, 1, 2, 4, 2, 2, 2, 3, 4, 2, 2, 2, 3, 3, 3, 3, 0, 0, 0, 0, 0]" ,            ,              ,   1024 ,[1024]        ,fisher_exact_ce ,          ,  0.001  ,    0.8 ,      1000 ,         0.2 ,               ,                    ,                   ,                   ,           1 ,         0.8 ,"[0.2, 1]" ,        0.5 ,         100 ,                 ,                ,             , 1157.301726579666   , 2471 ,1694227813.4358635 ,{'runtime': 1156}  ,   99 ,0.4654803276062012 , 0.6681534051895142 ,                       ,2.3184521198272705     ,                  ,                       ,                   ,                       ,1.0630334615707395     ,1.2554186582565308 ,                       ,              73399 ,0.4666145443916321  ,0.6706357002258301 ,                       ,2.30080246925354      ,                   ,                      ,                   ,                       ,1.0525827407836914   ,1.248219013214111  ,
fwur6c78 ,QPM_species_flow_mse                             ,       128 ,    4 ,val_loss        ,min       ,N/A             ,QPM_species  ,mse          ,     128 ,                                 ,            ,             ,           ,                                                                  ,            ,"[1, 64, 64]" ,        ,"[1, 64, 64]" ,flow_mse        ,4         ,  0.001  ,    0.8 ,           ,         0.2 ,               ,                    ,                   ,                   ,           1 ,         0.8 ,"[0.2, 1]" ,        0.5 ,         100 ,                 ,                ,             , 5567.686763763428   , 1947 ,1694065152.2931018 ,{'runtime': 5567}  ,   99 ,                   ,                    ,0.00026232522213831544 ,0.0006149386754259467  ,                  ,0.00035828183172270656 ,                   ,0.00025627532158978283 ,                       ,                   ,3.814789124589879e-07  ,              67299 ,                    ,                   ,0.00023856620828155428 ,0.0005659901071339846 ,                   ,0.0003324836725369096 ,                   ,0.00023291011166293177 ,                     ,                   ,5.963364628769341e-07
tisduitj ,QPM_species_resnet50_simclr                      ,       128 ,    3 ,val_loss_simclr ,min       ,N/A             ,QPM_species  ,             ,     128 ,                                 ,            ,simclr       ,True       ,                                                                  ,            ,"[3, 64, 64]" ,        ,"[3, 64, 64]" ,resnet50_simclr ,1:2       ,  0.001  ,    0.8 ,           ,         0.2 ,               ,                    ,                   ,                   ,           1 ,         0.8 ,"[0.2, 1]" ,        0.5 ,         100 ,                 ,                ,             ,11281.52714920044    , 1127 ,1694066894.1676283 ,{'runtime': 11281} ,   99 ,                   ,                    ,                       ,2.420097827911377      ,2.420097827911377 ,                       ,                   ,                       ,                       ,                   ,                       ,              51399 ,                    ,                   ,                       ,3.1617579460144043    ,3.1617579460144043 ,                      ,                   ,                       ,                     ,                   ,
cqp59iho ,QPM_species_flow_mse                             ,       128 ,    4 ,val_loss        ,min       ,N/A             ,QPM_species  ,mse          ,     128 ,                                 ,            ,             ,           ,                                                                  ,            ,"[1, 64, 64]" ,        ,"[1, 64, 64]" ,flow_mse        ,3         ,  0.001  ,    0.8 ,           ,         0.2 ,               ,                    ,                   ,                   ,           1 ,         0.8 ,"[0.2, 1]" ,        0.5 ,         100 ,                 ,                ,             , 4199.360543012619   , 1599 ,1694059523.342432  ,{'runtime': 4198}  ,   99 ,                   ,                    ,0.0003289477899670601  ,0.0006321548717096448  ,                  ,0.00032873122836463153 ,                   ,0.0003033361863344908  ,                       ,                   ,8.749253055384544e-08  ,              49899 ,                    ,                   ,0.00028331036446616054 ,0.0009666462428867816 ,                   ,0.0006654643802903593 ,                   ,0.0003010226064361632  ,                     ,                   ,1.592998586374961e-07
72y7x1fk ,QPM_species_flow_mse                             ,       128 ,    4 ,val_loss        ,min       ,N/A             ,QPM_species  ,mse          ,     128 ,                                 ,            ,             ,           ,                                                                  ,            ,"[1, 64, 64]" ,        ,"[1, 64, 64]" ,flow_mse        ,2         ,  0.001  ,    0.8 ,           ,         0.2 ,               ,                    ,                   ,                   ,           1 ,         0.8 ,"[0.2, 1]" ,        0.5 ,         100 ,                 ,                ,             , 4497.551652908325   , 1673 ,1694055268.1186678 ,{'runtime': 4496}  ,   99 ,                   ,                    ,0.0002541137218941003  ,0.0007080318173393607  ,                  ,0.0004705887695308774  ,                   ,0.00023679371224716303 ,                       ,                   ,6.492932698165532e-07  ,              53599 ,                    ,                   ,0.0002307653776369989  ,0.0006059558945707977 ,                   ,0.0003791848721448332 ,                   ,0.0002261976333102211  ,                     ,                   ,5.734764272347093e-07
czgx4bod ,QPM_species_flow_mse                             ,       128 ,    4 ,val_loss        ,min       ,N/A             ,QPM_species  ,mse          ,     128 ,                                 ,            ,             ,           ,                                                                  ,            ,"[1, 64, 64]" ,        ,"[1, 64, 64]" ,flow_mse        ,1         ,  0.001  ,    0.8 ,           ,         0.2 ,               ,                    ,                   ,                   ,           1 ,         0.8 ,"[0.2, 1]" ,        0.5 ,         100 ,                 ,                ,             , 5800.349317073822   , 2025 ,1694050688.7885802 ,{'runtime': 5799}  ,   99 ,                   ,                    ,0.0002636438293848187  ,0.00032760767498984933 ,                  ,0.00015005614841356874 ,                   ,0.0001772395626176149  ,                       ,                   ,3.1197401995086693e-07 ,              71199 ,                    ,                   ,0.000186852746992372   ,0.0003457732673268765 ,                   ,0.0001609496248420328 ,                   ,0.0001845807710196823  ,                     ,                   ,2.427285039630078e-07
iqvzvlaz ,QPM_species_resnet50_vicreg                      ,       128 ,    3 ,val_loss_vicreg ,min       ,N/A             ,QPM_species  ,             ,     128 ,                                 ,            ,vicreg       ,True       ,                                                                  ,            ,"[3, 64, 64]" ,        ,"[3, 64, 64]" ,resnet50_vicreg ,1:2       ,  0.001  ,    0.8 ,           ,         0.2 ,               ,                    ,                   ,                   ,           1 ,         0.8 ,"[0.2, 1]" ,        0.5 ,         100 ,                 ,                ,             , 4255.786566019058   , 1127 ,1694048989.703196  ,{'runtime': 4255}  ,   99 ,                   ,                    ,                       ,1.8212084770202637     ,                  ,                       ,1.8212084770202637 ,                       ,                       ,                   ,                       ,              51399 ,                    ,                   ,                       ,1.8241915702819824    ,                   ,                      ,1.8241915702819824 ,                       ,                     ,                   ,
3qdutcy1 ,QPM_species_flow_mse                             ,       128 ,    4 ,val_loss        ,min       ,N/A             ,QPM_species  ,mse          ,     128 ,                                 ,            ,             ,           ,                                                                  ,            ,"[1, 64, 64]" ,        ,"[1, 64, 64]" ,flow_mse        ,0         ,  0.001  ,    0.8 ,           ,         0.2 ,               ,                    ,                   ,                   ,           1 ,         0.8 ,"[0.2, 1]" ,        0.5 ,         100 ,                 ,                ,             , 4263.572976112366   , 1633 ,1694044831.1338432 ,{'runtime': 4262}  ,   99 ,                   ,                    ,0.0012227154802531004  ,0.0011810185387730598  ,                  ,0.0005094748339615762  ,                   ,0.0006714880582876503  ,                       ,                   ,5.56982477917245e-08   ,              51599 ,                    ,                   ,0.0007206675945781171  ,0.0011830871226266026 ,                   ,0.0004634565848391503 ,                   ,0.00071959343040362    ,                     ,                   ,3.7131798080736196e-08
e69g8ovb ,QPM_species_resnet50_vicreg                      ,       128 ,    5 ,val_loss_vicreg ,min       ,N/A             ,QPM_species  ,             ,     128 ,                                 ,            ,vicreg       ,True       ,                                                                  ,            ,"[3, 64, 64]" ,        ,"[3, 64, 64]" ,resnet50_vicreg ,          ,  0.001  ,    0.8 ,           ,         0.2 ,               ,                    ,                   ,                   ,           1 ,         0.8 ,"[0.2, 1]" ,        0.5 ,         100 ,                 ,                ,             , 5155.172263383865   , 1567 ,1694044639.8325884 ,{'runtime': 5154}  ,   99 ,                   ,                    ,                       ,1.820698618888855      ,                  ,                       ,1.820698618888855  ,                       ,                       ,                   ,                       ,              73399 ,                    ,                   ,                       ,1.824834227561951     ,                   ,                      ,1.824834227561951  ,                       ,                     ,                   ,
tk88gzmy ,QPM_species_resnet50_simclr                      ,       128 ,    5 ,val_loss_simclr ,min       ,N/A             ,QPM_species  ,             ,     128 ,                                 ,            ,simclr       ,True       ,                                                                  ,            ,"[3, 64, 64]" ,        ,"[3, 64, 64]" ,resnet50_simclr ,          ,  0.001  ,    0.8 ,           ,         0.2 ,               ,                    ,                   ,                   ,           1 ,         0.8 ,"[0.2, 1]" ,        0.5 ,         100 ,                 ,                ,             ,16204.08188533783    , 1567 ,1694055555.1701293 ,{'runtime': 16203} ,   99 ,                   ,                    ,                       ,1.846535801887512      ,1.846535801887512 ,                       ,                   ,                       ,                       ,                   ,                       ,              73399 ,                    ,                   ,                       ,3.1716089248657227    ,3.1716089248657227 ,                      ,                   ,                       ,                     ,                   ,
gt72xyzs ,QPM_species_resnet_edl                           ,       128 ,    3 ,val_accuracy    ,max       ,edl             ,QPM_species  ,N/A          ,     128 ,                                 ,            ,             ,           ,                                                                  ,            ,"[1, 64, 64]" ,        ,"[1, 64, 64]" ,resnet_edl      ,1:2       ,  0.001  ,    0.8 ,           ,         0.2 ,               ,                    ,                   ,                   ,           1 ,         0.8 ,"[0.2, 1]" ,        0.5 ,         100 ,                 ,                ,             , 1064.8643639087677  , 1629 ,1694039781.745297  ,{'runtime': 1064}  ,   99 ,0.9320156574249268 , 0.9715299606323242 ,                       ,0.16942055523395538    ,                  ,                       ,                   ,                       ,0.16942055523395538    ,                   ,                       ,              51399 ,0.8242515325546265  ,0.971474289894104  ,                       ,0.6998392343521118    ,                   ,                      ,                   ,                       ,0.6998392343521118   ,                   ,
zcn642t6 ,QPM_species_resnet_ce                            ,       128 ,    3 ,val_accuracy    ,max       ,crossent        ,QPM_species  ,N/A          ,     128 ,                                 ,            ,             ,           ,                                                                  ,            ,"[1, 64, 64]" ,        ,"[1, 64, 64]" ,resnet_ce       ,1:2       ,  0.001  ,    0.8 ,           ,         0.2 ,               ,                    ,                   ,                   ,           1 ,         0.8 ,"[0.2, 1]" ,        0.5 ,         100 ,                 ,                ,             , 1002.4088008403778  , 1629 ,1694038665.2552035 ,{'runtime': 1001}  ,   99 ,0.9733327627182008 , 0.9995489120483398 ,                       ,0.08337908983230591    ,                  ,                       ,                   ,                       ,0.08337908983230591    ,                   ,                       ,              51399 ,0.8226066827774048  ,0.9799144864082336 ,                       ,0.9216894507408142    ,                   ,                      ,                   ,                       ,0.9216894507408142   ,                   ,
jn7p8jku ,QPM_species_resnet_edl                           ,       128 ,    5 ,val_accuracy    ,max       ,edl             ,QPM_species  ,N/A          ,     128 ,                                 ,            ,             ,           ,                                                                  ,            ,"[1, 64, 64]" ,        ,"[1, 64, 64]" ,resnet_edl      ,          ,  0.001  ,    0.8 ,           ,         0.2 ,               ,                    ,                   ,                   ,           1 ,         0.8 ,"[0.2, 1]" ,        0.5 ,         100 ,                 ,                ,             , 1400.4254505634308  , 2069 ,1694037673.6280885 ,{'runtime': 1399}  ,   99 ,0.6200851202011108 , 0.8167608380317688 ,                       ,0.41526010632514954    ,                  ,                       ,                   ,                       ,0.41526010632514954    ,                   ,                       ,              73399 ,0.5543946027755737  ,0.7451898455619812 ,                       ,0.8129563927650452    ,                   ,                      ,                   ,                       ,0.8129563927650452   ,                   ,
k15zqukc ,QPM_species_resnet_edl_mse                       ,       128 ,    3 ,val_accuracy    ,max       ,edl             ,QPM_species  ,mse          ,     128 ,                                 ,            ,             ,           ,                                                                  ,            ,"[1, 64, 64]" ,        ,"[1, 64, 64]" ,resnet_edl_mse  ,1:2       ,  0.001  ,    0.8 ,           ,         0.2 ,               ,                    ,                   ,                   ,           1 ,         0.8 ,"[0.2, 1]" ,        0.5 ,         100 ,                 ,                ,True         , 1625.943928718567   , 2031 ,1694037604.0687487 ,{'runtime': 1625}  ,   99 ,0.9281540513038636 , 0.9697186946868896 ,0.0002828993310686201  ,0.1922191381454468     ,                  ,                       ,                   ,0.0003660396905615926  ,0.1918530911207199     ,                   ,                       ,              51399 ,0.8314208388328552  ,0.9699885845184326 ,0.0003225896507501602  ,0.6457403898239136    ,                   ,                      ,                   ,0.00032168481266126037 ,0.6454187631607056   ,                   ,
d6bhpbui ,QPM_species_resnet_ce                            ,       128 ,    5 ,val_accuracy    ,max       ,crossent        ,QPM_species  ,N/A          ,     128 ,                                 ,            ,             ,           ,                                                                  ,            ,"[1, 64, 64]" ,        ,"[1, 64, 64]" ,resnet_ce       ,          ,  0.001  ,    0.8 ,           ,         0.2 ,               ,                    ,                   ,                   ,           1 ,         0.8 ,"[0.2, 1]" ,        0.5 ,         100 ,                 ,                ,             , 1850.23140501976    , 2069 ,1694036220.741244  ,{'runtime': 1849}  ,   99 ,0.8763154745101929 , 0.972950518131256  ,                       ,0.16365987062454224    ,                  ,                       ,                   ,                       ,0.16365987062454224    ,                   ,                       ,              73399 ,0.6762813925743103  ,0.8530577421188354 ,                       ,1.0130151510238647    ,                   ,                      ,                   ,                       ,1.0130151510238647   ,                   ,
nxej8o25 ,QPM_species_resnet_ce_mse                        ,       128 ,    3 ,val_accuracy    ,max       ,crossent        ,QPM_species  ,mse          ,     128 ,                                 ,            ,             ,           ,                                                                  ,            ,"[1, 64, 64]" ,        ,"[1, 64, 64]" ,resnet_ce_mse   ,1:2       ,  0.001  ,    0.8 ,           ,         0.2 ,               ,                    ,                   ,                   ,           1 ,         0.8 ,"[0.2, 1]" ,        0.5 ,         100 ,                 ,                ,True         , 1597.835392951965   , 2031 ,1694035922.793554  ,{'runtime': 1597}  ,   99 ,0.9727833271026612 , 0.9995665550231934 ,0.0003742493863683194  ,0.05766519531607628    ,                  ,                       ,                   ,0.00040998446638695896 ,0.05725521221756935    ,                   ,                       ,              51399 ,0.8298629522323608  ,0.9814059138298036 ,0.0004849819233641029  ,0.8937771916389465    ,                   ,                      ,                   ,0.000486300588818267   ,0.8932911157608032   ,                   ,
zw6jb0po ,QPM_species_resnet_edl_mse                       ,       128 ,    5 ,val_accuracy    ,max       ,edl             ,QPM_species  ,mse          ,     128 ,                                 ,            ,             ,           ,                                                                  ,            ,"[1, 64, 64]" ,        ,"[1, 64, 64]" ,resnet_edl_mse  ,          ,  0.001  ,    0.8 ,           ,         0.2 ,               ,                    ,                   ,                   ,           1 ,         0.8 ,"[0.2, 1]" ,        0.5 ,         100 ,                 ,                ,True         , 2508.459454774857   , 2471 ,1694033223.5567608 ,{'runtime': 2508}  ,   99 ,0.6846598386764526 , 0.8218650817871094 ,0.00032536053913645446 ,0.3696862757205963     ,                  ,                       ,                   ,0.000296551501378417   ,0.3693897128105163     ,                   ,                       ,              73399 ,0.6070719957351685  ,0.7746848464012146 ,0.00037568373954854906 ,0.8286276459693909    ,                   ,                      ,                   ,0.0003728014416992664  ,0.828254759311676    ,                   ,
350tc1w4 ,QPM_species_resnet_ce_mse                        ,       128 ,    5 ,val_accuracy    ,max       ,crossent        ,QPM_species  ,mse          ,     128 ,                                 ,            ,             ,           ,                                                                  ,            ,"[1, 64, 64]" ,        ,"[1, 64, 64]" ,resnet_ce_mse   ,          ,  0.001  ,    0.8 ,           ,         0.2 ,               ,                    ,                   ,                   ,           1 ,         0.8 ,"[0.2, 1]" ,        0.5 ,         100 ,                 ,                ,True         , 2617.404062271118   , 2471 ,1694030650.9977143 ,{'runtime': 2616}  ,   99 ,0.8763412833213806 , 0.9741584062576294 ,0.0006723988335579634  ,0.21407395601272583    ,                  ,                       ,                   ,0.0005927818128839135  ,0.21348117291927335    ,                   ,                       ,              73399 ,0.669329047203064   ,0.8439334630966187 ,0.0006732862093485892  ,0.9870315194129944    ,                   ,                      ,                   ,0.0006665947730652988  ,0.986364722251892    ,                   ,
u5vdyiey ,CIFAR10_resnet_edl                               ,       128 ,    5 ,val_accuracy    ,max       ,edl             ,CIFAR10      ,N/A          ,     128 ,                                 ,            ,             ,           ,                                                                  ,            ,"[3, 32, 32]" ,        ,"[3, 32, 32]" ,resnet_edl      ,5:6:7:8:9 ,  0.001  ,    0.8 ,           ,         0.2 ,               ,                    ,                   ,                   ,           1 ,         0.8 ,"[0.2, 1]" ,        0.5 ,         100 ,                 ,                ,             ,  245.43874621391296 ,  681 ,1694027642.5030825 ,{'runtime': 243}   ,   99 ,0.9464955925941468 , 0.9550129771232604 ,                       ,0.16432906687259674    ,                  ,                       ,                   ,                       ,0.16432906687259674    ,                   ,                       ,               3999 ,0.7349891066551208  ,0.7828560471534729 ,                       ,0.9635910987854004    ,                   ,                      ,                   ,                       ,0.9635910987854004   ,                   ,
vt08uf6v ,MNIST_resnet_edl                                 ,       128 ,    5 ,val_accuracy    ,max       ,edl             ,MNIST        ,N/A          ,     128 ,                                 ,            ,             ,           ,                                                                  ,            ,"[1, 32, 32]" ,        ,"[1, 32, 32]" ,resnet_edl      ,5:6:7:8:9 ,  0.001  ,    0.8 ,           ,         0.2 ,               ,                    ,                   ,                   ,           1 ,         0.8 ,"[0.2, 1]" ,        0.5 ,         100 ,                 ,                ,             ,  248.40545845031735 ,  697 ,1694027344.7369604 ,{'runtime': 247}   ,   99 ,0.9989370703697203 , 0.99930340051651   ,                       ,0.003245636820793152   ,                  ,                       ,                   ,                       ,0.003245636820793152   ,                   ,                       ,               4799 ,0.9945477843284608  ,0.9956945776939392 ,                       ,0.03659459948539734   ,                   ,                      ,                   ,                       ,0.03659459948539734  ,                   ,
0icpqr9p ,CIFAR10_resnet_ce                                ,       128 ,    5 ,val_accuracy    ,max       ,crossent        ,CIFAR10      ,N/A          ,     128 ,                                 ,            ,             ,           ,                                                                  ,            ,"[3, 32, 32]" ,        ,"[3, 32, 32]" ,resnet_ce       ,5:6:7:8:9 ,  0.001  ,    0.8 ,           ,         0.2 ,               ,                    ,                   ,                   ,           1 ,         0.8 ,"[0.2, 1]" ,        0.5 ,         100 ,                 ,                ,             ,  237.7552137374878  ,  681 ,1694027044.3058777 ,{'runtime': 237}   ,   99 ,0.9953996539115906 , 0.9997999668121338 ,                       ,0.001961153233423829   ,                  ,                       ,                   ,                       ,0.001961153233423829   ,                   ,                       ,               3999 ,0.7336978912353516  ,0.893596887588501  ,                       ,1.3088089227676392    ,                   ,                      ,                   ,                       ,1.3088089227676392   ,                   ,
rgw8ce72 ,MNIST_resnet_ce                                  ,       128 ,    5 ,val_accuracy    ,max       ,crossent        ,MNIST        ,N/A          ,     128 ,                                 ,            ,             ,           ,                                                                  ,            ,"[1, 32, 32]" ,        ,"[1, 32, 32]" ,resnet_ce       ,5:6:7:8:9 ,  0.001  ,    0.8 ,           ,         0.2 ,               ,                    ,                   ,                   ,           1 ,         0.8 ,"[0.2, 1]" ,        0.5 ,         100 ,                 ,                ,             ,  244.78146624565125 ,  697 ,1694026753.4926713 ,{'runtime': 244}   ,   99 ,1                  , 1                  ,                       ,4.475509285839507e-06  ,                  ,                       ,                   ,                       ,4.475509285839507e-06  ,                   ,                       ,               4799 ,0.9972050786018372  ,0.9998319149017334 ,                       ,0.026740549132227898  ,                   ,                      ,                   ,                       ,0.026740549132227898 ,                   ,
h7uswwpo ,CIFAR10_resnet_edl_mse                           ,       128 ,    5 ,val_accuracy    ,max       ,edl             ,CIFAR10      ,mse          ,     128 ,                                 ,            ,             ,           ,                                                                  ,            ,"[3, 32, 32]" ,        ,"[3, 32, 32]" ,resnet_edl_mse  ,5:6:7:8:9 ,  0.001  ,    0.8 ,           ,         0.2 ,               ,                    ,                   ,                   ,           1 ,         0.8 ,"[0.2, 1]" ,        0.5 ,         100 ,                 ,                ,True         ,  427.52858662605286 , 1083 ,1694026447.4825046 ,{'runtime': 426}   ,   99 ,0.9708512425422668 , 0.9781768321990968 ,0.021344544366002083   ,0.04500436410307884    ,                  ,                       ,                   ,0.015321115963160992   ,0.029683249071240425   ,                   ,                       ,               3999 ,0.7640224695205688  ,0.8195250630378723 ,0.022022005170583725   ,0.9073675870895386    ,                   ,                      ,                   ,0.02182526513934135    ,0.8855422735214233   ,                   ,
buu0h0ml ,MNIST_resnet_edl_mse                             ,       128 ,    5 ,val_accuracy    ,max       ,edl             ,MNIST        ,mse          ,     128 ,                                 ,            ,             ,           ,                                                                  ,            ,"[1, 32, 32]" ,        ,"[1, 32, 32]" ,resnet_edl_mse  ,5:6:7:8:9 ,  0.001  ,    0.8 ,           ,         0.2 ,               ,                    ,                   ,                   ,           1 ,         0.8 ,"[0.2, 1]" ,        0.5 ,         100 ,                 ,                ,True         ,  403.39194321632385 , 1099 ,1694025958.4347453 ,{'runtime': 402}   ,   99 ,0.9995840191841124 , 0.99966162443161   ,0.006248593330383301   ,0.010040896013379095   ,                  ,                       ,                   ,0.006631264928728342   ,0.0034096308518201113  ,                   ,                       ,               4799 ,0.9954031109809875  ,0.9968727827072144 ,0.006992624141275883   ,0.04964018240571022   ,                   ,                      ,                   ,0.007042122073471546   ,0.04259806126356125  ,                   ,
kijxartv ,CIFAR10_resnet_ce_mse                            ,       128 ,    5 ,val_accuracy    ,max       ,crossent        ,CIFAR10      ,mse          ,     128 ,                                 ,            ,             ,           ,                                                                  ,            ,"[3, 32, 32]" ,        ,"[3, 32, 32]" ,resnet_ce_mse   ,5:6:7:8:9 ,  0.001  ,    0.8 ,           ,         0.2 ,               ,                    ,                   ,                   ,           1 ,         0.8 ,"[0.2, 1]" ,        0.5 ,         100 ,                 ,                ,True         ,  387.5461614131927  , 1083 ,1694025497.5648394 ,{'runtime': 386}   ,   99 ,0.9922001957893372 , 0.9995498657226562 ,0.02156101167201996    ,0.019365083426237103   ,                  ,                       ,                   ,0.01699621044099331    ,0.0023688727524131536  ,                   ,                       ,               3999 ,0.7252600193023682  ,0.8930962681770325 ,0.022236375138163567   ,1.3465007543563845    ,                   ,                      ,                   ,0.022085029631853104   ,1.324415683746338    ,                   ,
6r1oxzvi ,MNIST_resnet_ce_mse                              ,       128 ,    5 ,val_accuracy    ,max       ,crossent        ,MNIST        ,mse          ,     128 ,                                 ,            ,             ,           ,                                                                  ,            ,"[1, 32, 32]" ,        ,"[1, 32, 32]" ,resnet_ce_mse   ,5:6:7:8:9 ,  0.001  ,    0.8 ,           ,         0.2 ,               ,                    ,                   ,                   ,           1 ,         0.8 ,"[0.2, 1]" ,        0.5 ,         100 ,                 ,                ,True         ,  397.4024682044983  , 1099 ,1694025049.2109065 ,{'runtime': 396}   ,   99 ,1                  , 1                  ,0.004811275750398636   ,0.005039640236645937   ,                  ,                       ,                   ,0.005016244016587734   ,2.3396329197566956e-05 ,                   ,                       ,               4799 ,0.99787837266922    ,0.9996638298034668 ,0.005198529921472073   ,0.02899462543427944   ,                   ,                      ,                   ,0.005221556406468153   ,0.023773066699504852 ,                   ,
jbn0inux ,CIFAR10_resnet_edl                               ,       128 ,   10 ,val_accuracy    ,max       ,edl             ,CIFAR10      ,N/A          ,     128 ,                                 ,            ,             ,           ,                                                                  ,            ,"[3, 32, 32]" ,        ,"[3, 32, 32]" ,resnet_edl      ,          ,  0.001  ,    0.8 ,           ,         0.2 ,               ,                    ,                   ,                   ,           1 ,         0.8 ,"[0.2, 1]" ,        0.5 ,         100 ,                 ,                ,             ,  325.64955163002014 ,  759 ,1694023527.7762806 ,{'runtime': 324}   ,   99 ,0.8641736507415771 , 0.869992196559906  ,                       ,0.1926872730255127     ,                  ,                       ,                   ,                       ,0.1926872730255127     ,                   ,                       ,               7899 ,0.6602892875671387  ,0.6990693807601929 ,                       ,1.4102932214736938    ,                   ,                      ,                   ,                       ,1.4102932214736938   ,                   ,
9sbunacf ,MNIST_resnet_edl                                 ,       128 ,   10 ,val_accuracy    ,max       ,edl             ,MNIST        ,N/A          ,     128 ,                                 ,            ,             ,           ,                                                                  ,            ,"[1, 32, 32]" ,        ,"[1, 32, 32]" ,resnet_edl      ,          ,  0.001  ,    0.8 ,           ,         0.2 ,               ,                    ,                   ,                   ,           1 ,         0.8 ,"[0.2, 1]" ,        0.5 ,         100 ,                 ,                ,             ,  337.1730818748474  ,  789 ,1694023150.7969978 ,{'runtime': 336}   ,   99 ,0.995795488357544  , 0.9961144328117372 ,                       ,0.015728125348687172   ,                  ,                       ,                   ,                       ,0.015728125348687172   ,                   ,                       ,               9399 ,0.9875615239143372  ,0.9882012009620668 ,                       ,0.13590100407600403   ,                   ,                      ,                   ,                       ,0.13590100407600403  ,                   ,
qnyltd01 ,CIFAR10_resnet_ce                                ,       128 ,   10 ,val_accuracy    ,max       ,crossent        ,CIFAR10      ,N/A          ,     128 ,                                 ,            ,             ,           ,                                                                  ,            ,"[3, 32, 32]" ,        ,"[3, 32, 32]" ,resnet_ce       ,          ,  0.001  ,    0.8 ,           ,         0.2 ,               ,                    ,                   ,                   ,           1 ,         0.8 ,"[0.2, 1]" ,        0.5 ,         100 ,                 ,                ,             ,  331.0857427120209  ,  759 ,1694022762.8487878 ,{'runtime': 330}   ,   99 ,0.9762493968009948 , 0.9974246025085448 ,                       ,0.01628076657652855    ,                  ,                       ,                   ,                       ,0.01628076657652855    ,                   ,                       ,               7899 ,0.6539450287818909  ,0.8130569458007812 ,                       ,2.177302598953247     ,                   ,                      ,                   ,                       ,2.177302598953247    ,                   ,
v5ih94jf ,MNIST_resnet_ce                                  ,       128 ,   10 ,val_accuracy    ,max       ,crossent        ,MNIST        ,N/A          ,     128 ,                                 ,            ,             ,           ,                                                                  ,            ,"[1, 32, 32]" ,        ,"[1, 32, 32]" ,resnet_ce       ,          ,  0.001  ,    0.8 ,           ,         0.2 ,               ,                    ,                   ,                   ,           1 ,         0.8 ,"[0.2, 1]" ,        0.5 ,         100 ,                 ,                ,             ,  327.10251665115356 ,  789 ,1694022370.4644976 ,{'runtime': 326}   ,   99 ,1                  , 1                  ,                       ,1.9743845314224018e-06 ,                  ,                       ,                   ,                       ,1.9743845314224018e-06 ,                   ,                       ,               9399 ,0.9921672344207764  ,0.9983373880386353 ,                       ,0.060440465807914734  ,                   ,                      ,                   ,                       ,0.060440465807914734 ,                   ,
ubo66v0w ,CIFAR10_resnet_edl_mse                           ,       128 ,   10 ,val_accuracy    ,max       ,edl             ,CIFAR10      ,mse          ,     128 ,                                 ,            ,             ,           ,                                                                  ,            ,"[3, 32, 32]" ,        ,"[3, 32, 32]" ,resnet_edl_mse  ,          ,  0.001  ,    0.8 ,           ,         0.2 ,               ,                    ,                   ,                   ,           1 ,         0.8 ,"[0.2, 1]" ,        0.5 ,         100 ,                 ,                ,True         ,  507.4174635410309  , 1161 ,1694021983.9905715 ,{'runtime': 506}   ,   99 ,0.8607078194618225 , 0.8668280243873596 ,0.020861010998487473   ,0.2428055703639984     ,                  ,                       ,                   ,0.02843695878982544    ,0.21436861157417297    ,                   ,                       ,               7899 ,0.6589587926864624  ,0.690559983253479  ,0.02212435752153397    ,1.3640505075454712    ,                   ,                      ,                   ,0.02189740166068077    ,1.3421531915664673   ,                   ,
4pkuoyqo ,MNIST_resnet_edl_mse                             ,       128 ,   10 ,val_accuracy    ,max       ,edl             ,MNIST        ,mse          ,     128 ,                                 ,            ,             ,           ,                                                                  ,            ,"[1, 32, 32]" ,        ,"[1, 32, 32]" ,resnet_edl_mse  ,          ,  0.001  ,    0.8 ,           ,         0.2 ,               ,                    ,                   ,                   ,           1 ,         0.8 ,"[0.2, 1]" ,        0.5 ,         100 ,                 ,                ,True         ,  523.3364672660828  , 1191 ,1694021315.8526824 ,{'runtime': 522}   ,   99 ,0.9973280429840088 , 0.9975234270095824 ,0.0055214702151715755  ,0.010624280199408531   ,                  ,                       ,                   ,0.0057589393109083176  ,0.004865340422838926   ,                   ,                       ,               9399 ,0.9861783385276794  ,0.9871402978897096 ,0.005885804072022438   ,0.1551584005355835    ,                   ,                      ,                   ,0.005867647007107735   ,0.1492907553911209   ,                   ,
8tnmbkbf ,CIFAR10_resnet_ce_mse                            ,       128 ,   10 ,val_accuracy    ,max       ,crossent        ,CIFAR10      ,mse          ,     128 ,                                 ,            ,             ,           ,                                                                  ,            ,"[3, 32, 32]" ,        ,"[3, 32, 32]" ,resnet_ce_mse   ,          ,  0.001  ,    0.8 ,           ,         0.2 ,               ,                    ,                   ,                   ,           1 ,         0.8 ,"[0.2, 1]" ,        0.5 ,         100 ,                 ,                ,True         ,  497.3422725200653  , 1161 ,1693985103.5994346 ,{'runtime': 496}   ,   99 ,0.992753267288208  , 0.9995502233505248 ,0.022749420255422592   ,0.06467142701148987    ,                  ,                       ,                   ,0.029813110828399655   ,0.03485831618309021    ,                   ,                       ,               7899 ,0.6641196608543396  ,0.8213691115379333 ,0.023839900270104408   ,1.9212673902511597    ,                   ,                      ,                   ,0.023417839780449867   ,1.897849440574646    ,                   ,
7n84o4bp ,MNIST_resnet_ce_mse                              ,       128 ,   10 ,val_accuracy    ,max       ,crossent        ,MNIST        ,mse          ,     128 ,                                 ,            ,             ,           ,                                                                  ,            ,"[1, 32, 32]" ,        ,"[1, 32, 32]" ,resnet_ce_mse   ,          ,  0.001  ,    0.8 ,           ,         0.2 ,               ,                    ,                   ,                   ,           1 ,         0.8 ,"[0.2, 1]" ,        0.5 ,         100 ,                 ,                ,True         ,  514.8131952285767  , 1191 ,1693984542.5560312 ,{'runtime': 514}   ,   99 ,1                  , 1                  ,0.004009850323200226   ,0.004371162969619036   ,                  ,                       ,                   ,0.004186454229056835   ,0.00018470878421794623 ,                   ,                       ,               9399 ,0.9923434853553772  ,0.9980014562606812 ,0.004095184151083231   ,0.051088642328977585  ,                   ,                      ,                   ,0.0041066124103963375  ,0.04698203131556511  ,                   ,
